,Part,G1,G2,G3,G4,G5,G6,G7,G8,G9,G10,G11,G12,G13,G14,G15,G16,G17,G18,G19,G20,G21,G22,G23,G24,G25,G26,G27,G28,G29,G30,G31,G32,G33,G34,G35,G36,G37,G38,G39,G40,G41,G42,G43,G44,G45,G46,G47,G48,G49,G50,G51,G52,G53,G54,G55,G56,G57,G58,G59,G60,G61,G62,G63,G64,G65,G66,G67,G68,G69,G70,G71
1,berry,0,12.4478,14.484,0,20.3532,0,35.4457,0,0,3.4854,1418.1936,0.0245,0,0,41.0047,0,0.0502,0,0.2801,0,12.1619,17.857,0,31.493,82.0364,0,1522.421,0,133.8778,22.7669,0,18.7258,0,65.8433,0,36.5665,0,90.0238,0,57.7631,0,0,0,3.2256,6.9185,51.0772,51.114,0,0.5144,0,0,0,0,73.02,0,0,0,0,196.6482,0,0,285.742,92.1301,0,0,226.1684,366.3545,0,149.9897,44.5073,183.0919
2,berry,0,18.9159,10.0557,14.6061,33.6972,0,26.461,0,0,200.0958,1673.9184,34.348,1.775,0,323.24,0,3.3893,8.7365,3.4017,24.9492,13.0594,55.3943,0,6.4193,74.3064,0,374.022,0,125.908,130.4015,0,269.9186,0,193.2903,0,350.0142,24.1687,230.1218,0,494.2343,53.8491,0,0,67.8909,20.5953,296.5449,675.0248,46.9281,45.8877,122.8476,0,0,0,13.6771,115.5591,0,0,0,26.8687,0,0,36.3689,29.516,0,0,111.0685,22.0609,0,8.4689,1.3938,15.4765
3,berry,0,18.031,10.6939,0.1475,33.2492,0,30.1352,0,0,27.6745,1185.6509,2.3225,0,0,51.0825,0,0.0324,0.7129,2.2842,2.5209,8.0091,11.8505,0,9.2854,75.2567,0,1832.6911,0,133.3355,37.076,0,47.4607,0,133.2432,0,95.9787,0,165.9946,0,137.6974,0,0,0,11.1338,0,82.503,129.5395,16.3324,8.1751,0,0,0,0,45.9983,0,0,0,0,192.0392,0,0,282.6914,48.0834,0,0,391.8698,222.0184,0,94.4896,7.2245,186.3853
4,berry,0,13.0134,4.5748,4.0163,34.7813,0,30.0332,0,0,126.006,1395.3741,10.3544,6.4895,0,92.6577,0,0.3472,3.4667,2.7532,6.9407,6.8815,21.9135,0,6.3139,53.7373,0,1097.9208,0,106.9953,73.0674,0,80.6427,0,129.3207,0,105.8067,4.6176,167.2765,0,156.3634,0,0,0,11.0958,0,202.1876,271.2381,3.4462,11.2533,44.3388,0,0,0,36.1537,44.3388,0,0,0,70.437,0,0,108.4606,70.3043,0,0,199.7917,108.9284,0,45.5987,14.529,82.432
5,berry,0,18.6526,14.0687,4.2017,35.0796,0,36.8162,0,0,57.7764,1701.7138,2.6817,0,0,148.1972,0,0.0792,5.739,1.9765,15.8895,14.0089,27.2729,0,40.5089,74.9681,0,1065.7035,0,124.1743,131.8688,0,145.0224,0,179.478,0,159.2314,9.8127,224.2345,0,218.4888,9.3745,0,0,29.1911,8.1478,271.4732,357.0552,3.1434,7.1184,60.7612,0,0,0,58.3179,58.1968,0,0,0,53.2544,0,0,117.3433,59.8659,0,0,193.2256,89.4939,0,39.8469,10.7942,79.2383
6,berry,0,29.1046,0.2274,13.228,61.9326,0,14.4162,0,0,736.5917,924.3521,30.0718,0.0527,0,27.5207,0,0.4968,1.5602,9.3504,6.0608,1.5165,82.6772,0,16.3507,71.8705,0,643.0679,0,128.2233,110.8461,0,67.3012,0,229.2017,0,105.3365,6.7332,280.7806,0,149.7645,16.1792,0,0,16.4997,0,418.8004,265.3257,0,3.6734,54.4905,0,0,0,72.1275,54.4905,0,0,0,186.7375,0,0,248.8505,260.3113,0,0,129.8227,194.9267,0,77.3822,56.9459,115.9878
7,berry,0,14.8901,17.0004,4.114,29.2036,0,57.2342,0,0,85.7144,1935.7506,0.3172,15.0664,0,156.6066,0,0.066,3.026,1.1433,9.2733,15.1991,18.3311,0,2.2662,55.0572,0,393.9853,0,101.8459,107.0182,0,177.0353,0,198.1613,0,264.0883,15.1913,239.0452,0,397.8743,41.1976,0,0,52.8801,18.2986,333.0851,515.6219,0,16.7904,110.8269,0,0,0,86.5861,97.7394,0,0,0,139.9473,0,0,187.8097,155.8816,0,0,66.0131,107.3109,0,42.6942,58.9942,19.5525
8,berry,0,15.8933,7.5314,0.2494,33.2282,0,29.2038,0,0,38.7758,999.8359,0.5825,2.8847,0,62.6375,0,0.1002,0.0332,2.3679,0.1382,9.0066,23.596,0,9.0532,74.0639,0,1586.2246,0,125.4154,55.5307,0,64.6489,0,108.5848,0,83.4848,0.6326,134.8851,0,118.4394,0,0,0,7.0918,0,114.212,165.2697,13.6121,6.9122,20.9139,0,0,0,68.3159,20.9139,0,0,0,185.3668,0,0,268.9235,96.4621,0,0,332.7295,228.1394,0,94.9853,20.1657,191.3004
9,berry,0,18.8702,14.8657,6.8715,34.9556,0,42.0568,0,0,78.8546,2141.9917,10.3318,2.3536,0,380.6459,0,1.0559,9.6279,0.7079,22.8283,17.4281,21.8923,0,1.1635,86.8185,0,261.5996,0,159.9112,168.8937,0,322.1958,0,197.1313,0,349.2289,27.6333,254.3256,0,477.8365,0,0,0,65.8814,19.9367,324.8476,687.4474,46.219,39.3574,122.529,0,0,0,21.1773,114.9514,0,0,0,45.2671,0,0,65.1075,71.3433,0,0,20.8608,29.6736,0,11.8341,12.2555,0
10,berry,0,16.943,9.2544,0.5194,32.7392,0,40.0726,0,0,111.4197,2013.2355,0,0,0,24.1231,0,0.0128,0,0.6982,0.1626,10.9238,4.0975,0,33.5187,74.1202,0,1265.3302,0,123.2862,9.8974,0,11.07,0,34.7185,0,10.3743,0,49.7497,0,18.0982,0,0,0,0,0,124.8963,55.2656,0,0.2241,0,0,0,0,25.3524,0,0,0,0,162.4252,0,0,219.7956,356.8664,0,0,43.9727,229.279,0,97.7227,121.2078,205.7623
11,berry,0,10.5159,4.3252,0.2921,20.2881,0,37.7434,0,0,107.6648,2007.2172,0.1745,0,0,35.3123,0,0,0.0222,1.7235,0.2657,8.8786,6.8415,0,0,50.2665,0,944.1769,0,105.4017,24.2724,0,21.4151,0,96.1991,0,31.1579,0,128.2962,0,48.7406,0,0,0,0,0,289.6656,133.8327,0,0.3385,15.4954,0,0,0,16.741,15.4954,0,0,0,112.5654,0,0,155.4195,245.4008,0,0,65.9874,253.7013,0,110.1853,179.7721,58.2816
12,berry,0,1.4992,7.5417,0.0654,21.7621,0,33.4986,0,0,106.4893,1784.9288,0.0293,4.174,0,38.0517,0,0.0617,0,0.9709,0.0986,5.0204,7.35,0,0.3635,45.7472,0,646.7057,0,67.7671,47.7057,0,20.8362,0,116.7645,0,40.896,0,144.1862,0,61.2311,0,0,0,4.4282,0,224.8542,122.7518,0,0,16.9194,0,0,0,33.502,16.9194,0,0,0,120.8548,0,0,157.3406,141.3285,0,0,171.8787,107.7057,0,44.2717,0,56.8812
13,berry,0,15.5555,10.3479,6.988,29.1136,0,29.2443,0,0,95.9918,1631.9171,8.5066,1.0101,0,202.5491,0,0.4371,6.5107,2.1729,13.7631,12.5731,37.3959,0,13.4963,52.8725,0,678.3202,0,91.4801,166.3806,0,203.9406,0,264.4219,0,269.9828,15.6319,318.2282,0,399.2444,46.8585,0,0,44.9607,16.429,406.2176,566.8688,49.4482,24.415,110.4814,0,0,0,36.9184,105.7171,0,0,0,72.1251,0,0,111.7048,75.054,0,0,126.2468,60.9838,0,25.9446,4.6809,21.2296
14,berry,0,24.1345,14.7194,1.6038,47.0915,0,43.5413,0,0,128.5288,2243.0013,5.3557,11.6141,0,164.8809,0,0.3292,6.5289,2.4205,15.0761,16.2458,26.1203,0,1.9047,72.4261,0,214.9635,0,138.4802,118.2431,0,136.9306,0,195.8297,0,174.8045,9.4012,249.8186,0,251.7706,0,0,0,30.1309,11.0428,434.7827,469.6783,36.8784,18.9262,81.1102,0,0,0,77.8668,81.1102,0,0,0,124.2002,0,0,191.8226,246.0601,0,0,4.8021,87.8659,0,38.7445,53.1412,0
15,berry,0,23.2368,5.0152,7.6591,62.5349,0,39.4359,0,0,556.8782,1785.2024,4.4691,1.5572,0,16.5921,0,0.0695,0,2.2956,0,6.1622,29.4793,0,8.0461,54.5785,0,163.0886,0,119.2379,45.3284,0,12.5926,0,97.4378,0,13.2941,0,130.3191,0,24.8473,0,0,0,0.7937,0,318.1504,76.1052,0,0.1942,10.5485,0,0,0,56.9958,10.5485,0,0,0,169.4621,0,0,239.156,364.1304,0,0,8.2654,209.3686,0,90.5009,133.0992,13.1053
16,berry,0,19.7007,12.7557,5.4195,34.6826,0,37.2625,0,0,127.9384,2016.2507,2.7913,17.9086,0,180.2063,0,0.1058,7.0668,0.5116,17.2699,13.1255,21.2229,0,1.3296,72.1388,0,184.3867,0,127.1644,153.5676,0,206.8045,0,210.6456,0,257.9643,16.1503,268.9238,0,353.3875,0,0,0,49.513,15.8605,445.6335,643.2448,58.8081,31.2582,123.6271,0,0,0,80.2599,123.6271,0,0,0,108.7324,0,0,156.7027,205.4845,0,0,35.7926,91.2213,0,38.5253,52.6431,5.8332
17,berry,0,31.813,13.0296,0.1508,53.7413,0,37.4894,0,0,125.4024,2076.5089,0,4.7367,0,37.3486,0,0.1128,2.0072,2.7307,3.4303,9.876,22.6964,0,6.17,83.3642,0,1014.0318,0,157.2065,55.0502,0,33.456,0,164.6739,0,70.7641,0,217.1205,0,103.5861,0,0,0,7.7823,2.5329,358.496,198.8508,0,2.5954,0,0,0,0,57.5073,0,0,0,0,164.2289,0,0,256.1342,240.8614,0,0,68.5377,326.2106,0,140.9459,206.1345,43.7382
18,berry,0,23.185,12.8573,8.3981,42.2377,0,37.8202,0,0,238.536,2401.2893,4.9212,17.559,0,137.1624,0,0.1415,3.9958,0.6424,14.261,15.7353,41.0786,0,4.4854,78.4386,0,197.7314,0,143.6456,111.9269,0,107.6054,0,160.9629,0,114.3688,5.9462,209.8232,0,177.2524,0,0,0,14.9445,0,412.3804,355.665,24.0528,11.8527,39.4342,0,0,0,157.9834,39.4342,0,0,0,221.8509,0,0,320.8686,394.5221,0,0,0,93.6062,0,39.0319,65.4373,10.1606
19,berry,0,12.802,9.9007,2.3585,28.0353,0,46.4684,0,0,113.6363,1968.3481,1.4833,5.7539,0,57.7202,0,0.0625,1.3006,1.6329,6.3675,11.0624,14.6769,0,2.2041,57.4405,0,420.6273,0,99.1665,93.6841,0,58.474,0,192.3092,0,96.023,2.3525,242.1919,0,140.4473,0,0,0,10.5689,4.4817,400.7744,273.7481,1.5195,3.8501,49.9564,0,0,0,80.1716,49.9564,0,0,0,175.8433,0,0,248.7565,257.5331,0,0,98.9379,160.8984,0,69.6688,124.6803,43.278
20,berry,0,23.7762,0.5532,45.4244,57.1568,0,10.5592,0,0,799.0616,1282.5859,248.3641,14.3935,0,133.8183,0,14.7037,10.0102,7.7518,21.1684,1.9216,98.1055,0,10.1911,66.4516,0,276.1626,0,145.8284,151.659,0,263.2843,0,182.7801,0,284.0394,2.3935,241.1045,0,396.0227,51.1519,0,0,52.9695,20.5443,312.7672,577.6402,50.5923,50.6221,116.2109,0,0,0,41.7135,112.3176,22.9463,0,8.2183,60.875,0,0,93.8811,81.4319,0,0,68.5132,34.7273,0,14.6554,14.691,12.8249
21,berry,0,15.3843,9.4549,2.6307,35.7519,0,39.297,0,0,121.4921,2132.5607,2.7839,10.2866,0,95.4568,0,0.1808,2.1197,0.7516,5.6877,18.1221,33.9197,0,7.5516,63.8952,0,792.3014,0,151.7317,65.3046,0,65.0183,0,125.0799,0,80.3945,0,174.7344,0,132.5411,16.689,0,0,0,0,304.5541,246.6135,0,5.1645,42.2597,0,0,0,143.7316,42.2597,0,0,0,206.6898,0,0,324.4737,279.7745,0,0,68.2772,258.2581,0,109.6497,166.2723,44.6183
22,berry,0,20.0818,14.1761,1.3362,38.3149,0,52.2016,0,0,114.8785,1678.8814,0.5244,6.8951,0,44.1429,0,0.0394,1.0352,1.5983,2.2954,12.6808,7.7644,0,4.1021,66.3386,0,880.6716,0,96.0251,65.2387,0,28.4743,0,199.0459,0,93.6229,0,237.35,0,131.8586,0,0,0,15.3626,0,301.7183,210.7606,17.2583,1.5009,36.3962,0,0,0,54.2902,36.3962,0,0,0,180.2072,0,0,253.1725,185.243,0,0,210.7194,117.0658,0,49.0398,53.1628,104.1466
23,berry,0,22.8866,14.9234,9.1549,44.2393,0,42.0043,0,0,141.5376,2270.0831,13.0475,2.5656,0,348.2355,0,1.7815,13.6498,2.5119,38.2122,17.893,32.1129,0,2.9069,107.7603,0,181.8047,0,182.0768,157.0877,0,284.8327,0,183.7746,0,317.4758,23.8209,228.5211,0,418.8758,53.0557,0,0,57.1704,17.9033,315.6275,685.8459,55.099,44.7815,124.6683,0,0,0,28.0128,118.1687,10.8576,0,2.6457,33.8599,0,0,48.2607,57.29,0,0,14.5066,43.8127,0,17.7132,20.439,0
24,berry,0,20.693,12.5405,8.1129,36.2857,0,32.0739,0,0,78.2395,1661.9534,12.2731,0.261,0,268.5369,0,0.793,8.2791,2.1244,23.2597,13.9832,39.1321,0,9.4568,87.3529,0,858.283,0,146.1379,150.6866,0,232.7889,0,196.0794,0,267.812,22.1585,237.9504,0,415.8298,44.6459,0,0,38.2937,19.6575,315.1815,587.9088,46.8408,40.9941,103.201,0,0,0,28.4639,99.3038,10.9302,0,5.439,38.3875,0,0,51.8356,23.5453,0,0,173.8507,95.0056,0,41.5905,2.3581,34.8048
25,berry,0,16.8607,18.0277,4.3753,33.7102,0,52.7341,0,0,27.5256,1685.9533,3.4951,1.2506,10.7571,213.2593,0,0.1533,8.2511,0.8002,14.9583,15.9832,16.3348,0,23.5153,56.8578,0,904.4602,0,117.5615,141.4872,0,223.0513,0,176.3543,0,227.0175,18.0711,225.0399,0,357.44,41.6129,0,0,43.1418,16.8413,236.1047,418.8338,42.4419,29.0613,82.5971,0,0,0,59.9461,82.5971,0,0,0,81.1118,0,0,121.301,61.456,0,0,161.1824,80.4826,0,35.6589,9.4012,63.9088
26,berry,0,20.2676,14.6105,3.0018,38.7969,0,36.0159,0,0,54.4271,1688.6904,7.0066,0.8619,0,206.278,0,0.3971,7.5887,1.6608,19.3631,16.5222,31.3475,0,6.3802,77.9915,0,1071.202,0,130.4792,136.5943,0,190.007,0,185.7977,0,208.0641,15.3348,223.7942,0,271.4185,0,0,0,41.2869,12.7991,248.2766,432.5047,32.6729,23.8552,84.7976,0,0,0,47.676,75.7882,0,0,0,71.3271,0,0,112.1004,44.4837,0,0,187.572,207.6211,0,91.0086,14.3566,74.0321
27,berry,0,22.2121,11.2495,11.6983,44.042,0,35.0104,0,0,135.0484,2090.5311,21.4392,1.6672,0,264.7892,0,1.4438,12.098,2.6278,27.4185,13.0111,47.1727,0,4.728,80.4417,0,408.2047,0,149.5649,166.0544,0,311.9763,0,172.3803,0,304.1118,25.5475,226.261,0,467.4721,48.9285,0,0,44.0132,0,334.5744,703.294,74.3242,68.886,133.2968,0,0,0,24.1648,120.5237,0,0,0,19.7025,0,0,31.0514,18.5207,0,0,100.6545,15.6845,0,6.1294,1.7607,9.1625
28,berry,0,21.2232,16.168,7.3715,42.0738,0,42.9774,0,0,101.6925,2182.6091,0.7707,11.9784,0,99.5817,0,0.0367,2.6315,2.0682,11.8029,14.2438,42.0412,0,4.2793,94.6313,0,302.4977,0,171.1537,132.2795,0,86.5747,0,211.5736,0,108.3262,6.4095,275.7683,0,158.3831,18.972,0,0,19.0515,7.0446,425.8021,254.5155,0,6.054,42.5276,0,0,0,176.7513,42.5276,0,0,0,240.9562,0,0,359.4564,339.1132,0,0,0,123.1715,0,53.0514,71.0833,8.4533
29,berry,0,22.7789,15.5042,13.97,44.975,0,43.8582,0,0,251.9593,1963.9695,40.9609,0,0,244.1947,0,4.4844,9.5524,2.3023,22.1732,12.9869,45.9161,0,1.5793,88.1272,0,264.9479,0,151.7347,181.2547,0,226.4451,0,241.9925,0,267.8104,19.3247,300.4036,0,363.9606,45.3724,0,0,44.8707,0,395.3009,530.9661,32.3473,21.0552,97.0449,0,0,0,62.4732,97.0449,1.2524,0,3.8289,79.6374,0,0,110.9834,100.3832,0,0,27.2304,26.5097,0,11.5894,2.6529,9.8745
30,berry,0,23.3934,7.1,6.3706,37.1395,0,35.8357,0,0,130.1987,1808.1658,6.6562,1.1694,0,224.7738,0,0.6174,4.1896,1.6334,10.8435,12.4504,23.6302,0,31.4281,80.8476,0,629.1513,0,128.6624,94.3846,0,195.8097,0,158.7176,0,293.9678,16.6532,192.9615,0,375.6597,0,0,0,50.5083,14.7584,283.9399,631.1449,41.2229,33.3453,102.7074,0,0,0,59.8694,95.7474,0,0,0,98.8018,0,0,133.8626,122.6579,0,0,199.9603,93.8522,0,38.77,24.1253,46.6628
31,berry,0,21.6705,19.4103,10.1253,45.1169,0,46.6721,0,0,77.6169,2125.9443,10.4473,1.134,0,339.903,0,1.2316,14.8936,1.4951,31.9266,17.3716,27.9318,0,2.1472,109.4758,0,145.2345,0,192.0907,165.2012,0,314.0382,0,205.731,0,373.2787,28.328,256.5327,0,555.0171,60.3376,0,0,67.2591,18.413,321.9601,665.9484,48.1954,51.6821,123.3131,0,0,0,17.3016,111.9932,0,0,6.4784,24.9331,0,0,32.0638,48.2225,0,0,12.2767,7.4019,0,4.0435,3.7041,0
32,berry,0,27.4276,19.1933,8.6986,48.8966,0,45.5024,0,0,133.7083,2266.6227,7.9309,1.3763,0,258.7452,0,0,7.8053,2.2422,20.1351,17.6262,27.761,0,2.0303,134.7928,0,151.2171,0,222.4081,112.9595,0,215.3195,0,173.1583,0,298.441,17.5813,212.798,0,447.7212,50.3179,0,0,53.7656,15.7909,345.5094,660.1316,8.3269,34.327,114.6137,0,0,0,80.4494,114.6137,4.9743,0,5.2446,112.0907,0,0,160.8381,179.0562,0,0,19.3783,16.7898,0,6.0113,9.4936,0
33,berry,0,29.9583,0.3157,49.4936,69.9856,0,11.642,0,0,1239.8071,1525.454,122.3254,10.7973,0,137.5117,0,12.726,2.7928,11.9819,11.7319,0.1902,119.6343,0,12.7099,54.7706,0,69.7523,0,86.5929,125.1321,0,190.9326,0,173.1182,0,197.0066,15.5086,214.3589,0,300.8923,33.659,0,0,32.2179,12.0284,362.1007,482.6398,0.0575,11.665,81.4854,0,0,0,50.6264,81.4854,0,0,0,76.0325,0,0,117.4031,143.8372,0,0,16.598,39.7642,0,18.2546,25.1338,3.6003
34,berry,0,30.0654,0.0652,37.4377,65.5243,0,3.7131,0,0,1251.434,1660.5583,66.8152,7.0541,0,88.6985,0,6.3675,2.5048,11.3568,9.123,1.5547,91.8227,0,4.0443,91.8884,0,74.7376,0,182.1967,64.4055,0,110.5315,0,120.0801,0,136.6963,7.926,160.58,0,209.4381,0,0,0,16.5908,0,360.3287,463.8967,0,13.8728,82.2046,0,0,0,64.3256,82.2046,0,0,0,156.7624,0,0,246.1275,350.1005,0,0,0,76.9962,0,33.3593,62.4876,2.5872
35,berry,0,18.6807,18.1398,8.0889,37.4663,0,49.2597,0,0,68.4168,2149.529,6.0493,1.7211,14.0597,401.5626,0,0.8019,5.3918,1.7164,33.4516,21.1959,27.762,0,2.2313,96.0526,0,193.9092,0,177.266,173.4294,0,331.9392,0,178.3734,0,324.5699,28.5447,238.9908,0,500.0912,59.0198,0,0,67.4171,22.8477,344.4745,697.8144,31.082,31.0525,138.7602,0,0,0,55.8901,122.5283,0,0,0,64.4529,0,0,99.8765,116.3817,0,0,9.4426,10.0687,0,3.6125,8.0171,0
36,berry,0,21.9473,11.4609,0.069,43.9273,0,35.4693,0,0,260.6929,1920.2173,3.7271,7.51,0,98.05,0,0.2139,3.2082,1.6515,7.3948,10.9723,13.3743,0,0.3274,73.4013,0,150.2319,0,124.9591,133.7129,0,166.373,0,221.8339,0,221.3367,12.7827,265.9016,0,340.2337,39.2593,0,0,39.757,10.123,499.5476,609.1761,46.4576,17.6423,104.998,0,0,0,102.7166,104.998,0,0,0,157.9472,0,0,228.6129,296.232,0,0,0,83.2803,0,41.6735,63.4016,7.6585
37,berry,0,18.1351,22.9822,2.8107,37.2782,0,66.9687,0,0,119.2262,2646.8956,0.4063,8.809,0,76.235,0,0.0938,0.7988,0.9629,3.0115,21.6019,14.5851,0,2.4199,79.022,0,556.5753,0,161.301,44.6625,0,39.0092,0,104.2658,0,52.1485,0.7706,142.6948,0,83.09,9.7005,0,0,5.9713,3.2357,262.2451,141.6295,0,1.9073,26.0841,0,0,0,85.9493,26.0841,0,0,0,192.8103,0,0,306.5642,346.4953,0,0,7.0918,169.8503,0,84.952,139.4578,21.7156
38,berry,0,19.497,12.9405,10.5434,38.9529,0,38.1165,0,0,124.3385,2057.6919,11.1557,1.7794,0,324.5288,0,1.1484,10.2148,1.9984,31.4768,17.4083,34.5126,0,0.4337,86.6151,0,177.1228,0,155.2265,147.8326,0,296.3853,0,178.5087,0,337.5263,28.389,232.2856,0,519.4157,63.7385,0,0,67.5493,19.2331,370.219,712.3779,12.347,53.4712,151.9988,0,0,0,26.611,134.8672,14.1625,0,6.6456,43.3425,0,0,63.2255,112.692,0,0,20.0256,12.9191,0,5.6631,6.5633,3.3255
39,berry,0,23.7777,19.5276,7.71,43.614,0,43.7823,0,0,108.4802,2130.8993,7.1016,1.3809,9.5973,254.117,0,0.4163,5.6548,2.0467,14.2006,16.3771,32.3568,0,3.0464,94.3731,0,181.153,0,158.5581,123.4919,0,248.942,0,193.148,0,335.7635,22.8053,230.6293,0,501.025,58.481,0,0,60.8089,21.279,320.8763,635.9424,0,33.8793,100.8813,0,0,0,80.056,100.8813,0,0,0,109.8578,0,0,159.8114,162.0814,0,0,33.2116,43.2925,0,20.5515,24.6698,2.0238
40,berry,0,23.6857,13.1425,8.9147,44.7998,0,37.8891,0,0,162.5998,1999.6704,11.8242,1.3284,0,272.069,0,1.273,10.616,2.3747,27.5542,17.0402,30.544,0,3.1006,85.9741,0,216.2642,0,143.6282,138.9603,0,248.731,0,199.0347,0,301.5185,23.7993,238.5562,0,437.3729,52.6351,0,0,57.6185,18.277,411.4019,675.8777,41.9444,40.529,126.8773,0,0,0,38.3085,122.6591,10.7496,0,5.1022,95.4819,0,0,147.3001,153.2522,0,0,37.7103,93.7404,0,41.5468,55.4327,12.7544
41,berry,0,23.9105,13.1084,6.926,47.669,0,39.4314,0,0,164.5649,2303.6115,13.941,2.152,0,309.5864,0,0.79,8.5602,2.2931,22.6825,16.0037,28.117,0,2.2146,92.9166,0,186.2477,0,167.2226,129.5774,0,221.694,0,186.777,0,273.9158,15.9905,239.5166,0,389.4559,44.17,0,0,57.9908,14.8912,423.95,722.7955,62.0346,43.2889,126.7865,0,0,0,23.4057,126.7865,13.8502,0,6.4382,58.2501,0,0,82.4063,129.2451,0,0,23.1013,21.3844,0,10.7566,16.3643,0
42,berry,0,22.0236,12.9624,8.5064,44.1743,0,41.0128,0,0,172.078,2126.5178,6.3629,0.7392,0,230.7925,0,0.4813,3.9714,2.2632,14.688,17.8164,36.9869,0,3.8446,75.8518,0,193.9879,0,137.2997,124.7097,0,216.5593,0,187.3223,0,245.6512,17.7523,236.3606,0,338.9046,0,0,0,44.0241,17.903,471.7434,692.8615,43.4634,20.4398,143.9238,0,0,0,57.1222,128.6664,0,0,0,118.937,0,0,171.7481,223.305,0,0,25.6125,63.3146,0,26.8023,32.4047,0
43,berry,0,14.6605,11.4954,10.481,39.3692,0,42.0277,0,0,139.5065,1953.4865,7.2297,1.8645,0,290.7137,0,0.9567,9.5295,3.433,31.5635,20.3019,34.9081,0,3.8658,76.7454,0,215.6939,0,168.2134,148.3137,0,237.3917,0,215.0217,0,281.9898,4.0118,289.7683,0,391.2094,59.7346,0,0,76.1925,5.7198,499.3175,736.5059,26.9252,20.7019,198.8683,0,0,0,21.6699,173.1968,0,0,0,42.8538,0,0,78.453,106.3293,0,0,16.1407,12.2839,0,4.8304,10.1365,0
44,berry,0,26.5625,14.4661,0.936,47.9369,0,41.5635,0,0,194.5328,2681.9819,2.4303,7.3118,0,76.6966,0,0.1815,0.3991,0.6295,3.6651,17.1755,14.3973,0,0.5361,106.5252,0,230.3914,0,195.3623,60.503,0,52.6862,0,123.7319,0,69.9906,0,157.6213,0,116.2089,6.6676,0,0,3.8291,0,397.7586,278.4414,16.3489,4.9427,44.364,0,0,0,106.1202,44.364,0,0,0,256.7819,0,0,400.8286,568.6265,0,0,0,158.3943,0,79.6007,141.7545,19.4591
45,berry,0,26.6665,1.0553,21.7095,55.7342,0,15.1991,0,0,1072.7831,1629.0216,43.4859,7.4491,0,61.6026,0,0.5403,0,7.8764,10.0047,1.2483,66.8303,0,28.7569,85.0123,0,85.7807,0,151.8757,116.9168,0,93.5947,0,179.6136,0,126.5378,0,227.167,0,210.8845,23.5214,0,0,9.6798,0,524.0497,474.6308,0,11.703,85.3038,0,0,0,125.2287,85.3038,0,0,0,205.6364,0,0,292.9862,428.4378,0,0,53.2483,82.8782,0,41.2539,46.2514,0
46,berry,0,28.9244,15.0288,0.2924,51.3943,0,42.7133,0,0,197.4525,2889.4204,0.6106,7.1115,0,50.9277,0,0.1224,0,3.2334,2.5993,19.9467,29.6717,0,18.0368,81.1949,0,178.9522,0,153.9708,87.835,0,28.3995,0,160.261,0,33.7182,0.2042,207.5079,0,52.4419,0,0,0,0,0,485.139,144.3715,15.7864,1.1458,4.4475,0,0,0,194.9861,4.4475,0,0,0.8552,317.9704,0,0,460.2228,599.2602,0,0,0,127.8931,0,55.0326,84.5265,0
47,berry,0,17.8414,13.545,5.5746,37.7358,0,40.7329,0,0,141.4633,2248.5121,7.1679,20.064,0,216.8261,0,0.474,2.2765,2.0784,6.681,14.888,31.0916,0,2.6213,72.6365,0,519.3388,0,143.4965,123.787,0,199.0251,0,158.0694,0,221.9553,14.04,198.4074,0,348.1291,40.9378,0,0,41.7999,13.9583,302.8397,529.1672,0,17.43,96.3277,0,0,0,170.3444,92.5294,0,0,0,194.8729,0,0,283.1995,219.0039,0,0,122.3835,36.6234,0,16.2121,12.9169,43.8327
48,berry,0,21.0198,17.7931,0.1775,43.5807,0,44.8591,0,0,215.1991,2578.2794,0.6843,5.2529,0,76.9643,0,0.0903,0.3751,1.8728,2.8441,16.9117,13.611,0,0.4116,100.1025,0,252.375,0,173.395,45.3081,0,57.0303,0,121.7613,0,97.96,0,157.8268,0,158.885,16.5463,0,0,10.5183,0,366.032,348.546,0,4.544,64.4471,0,0,0,87.2667,64.4471,0,0,0,266.0046,0,0,384.8713,525.0995,0,0,37.4863,201.5219,0,100.2262,169.9072,25.1757
49,berry,0,23.5543,0.6443,64.5225,49.9959,0,9.6456,0,0,868.1314,1276.2945,240.4198,0.938,10.7753,278.8163,0,37.9114,14.4164,7.3417,42.3203,0,128.6536,0,11.507,77.4375,0,50.103,0,157.1085,190.7116,0,323.4647,0,234.0859,0,351.4927,38.058,300.0534,0,478.6334,0,0,0,70.223,19.0712,430.7238,750.4427,52.1667,36.0347,146.2579,0,0,0,5.1435,132.9727,0,0,0,3.4255,0,0,1.1895,9.3055,0,0,5.944,0.8906,0,0.3632,0.8928,0
50,berry,0,16.6354,6.7091,19.2752,35.8623,0,20.029,0,0,354.7962,2083.9889,18.882,1.0888,0,299.1225,0,4.1996,4.8858,3.47,25.8362,10.6255,64.414,0,4.9744,77.9069,0,130.2462,0,140.9945,153.723,0,218.1832,0,217.8031,0,286.3998,18.5264,275.4076,0,448.6488,51.0462,0,0,37.0316,0,478.0854,804.6486,56.0713,34.2025,143.0055,0,0,0,11.9704,143.0055,0,0,0,28.7084,0,0,37.1719,69.91,0,0,9.0213,15.9987,0,7.2711,6.4637,0
51,berry,0,15.4833,15.3761,9.8827,38.4032,0,45.4708,0,0,80.7215,2157.3746,7.3511,1.0016,0,338.1235,0,0.4599,5.6218,1.7449,20.7941,16.0394,33.2349,0,28.958,84.571,0,186.6393,0,171.1263,182.1824,0,328.0186,0,211.1192,0,355.9549,29.9026,275.6202,0,555.9515,61.23,0,0,69.0918,20.7647,379.6373,703.8968,45.181,33.5796,125.9179,0,0,0,19.4395,118.6066,0,0,0,35.6009,0,0,60.5321,93.4549,0,0,18.2459,13.1142,0,4.9858,7.8032,0
52,berry,0,22.9938,11.2631,10.7625,49.2437,0,33.897,0,0,326.9427,2043.6383,42.6557,1.5486,0,237.6075,0,3.8293,3.8217,2.9024,13.9936,14.7939,31.9573,0,0.7388,106.8532,0,206.6768,0,198.2567,104.0163,0,194.6059,0,145.6813,0,245.5243,12.4081,187.4099,0,384.7867,42.0624,0,0,46.7724,13.579,384.4562,733.4708,38.985,26.5057,144.3806,0,0,0,86.0115,131.6308,0,0,0,136.6959,0,0,204.232,276.9147,0,0,45.1209,34.2972,0,15.7366,19.2455,9.7028
53,berry,0,22.4996,16.322,10.2527,41.2361,0,43.1355,0,0,89.8015,2374.4613,9.4122,1.7028,0,367.9413,0,0.3471,5.6251,1.5716,15.9825,18.7469,36.4029,0,0.9175,57.8481,0,193.2951,0,118.3175,122.324,0,262.5316,0,158.6425,0,312.186,22.8871,202.0778,0,432.0928,0,0,0,41.2824,0,345.2897,736.2431,48.6297,40.3743,134.4653,0,0,0,85.925,123.3749,0,0,0,98.6813,0,0,153.3545,190.0152,0,0,0,8.4805,0,5.891,12.8678,0
54,berry,0,14.9874,15.0094,9.092,34.6319,0,42.9313,0,0,104.8801,2068.0112,7.7869,1.3607,13.5514,339.4489,0,0,8.2762,2.1963,27.5289,17.0783,34.1817,0,0.0742,61.7592,0,230.1216,0,132.3417,167.6615,0,265.9155,0,212.5006,0,314.3115,31.631,285.3199,0,490.1635,59.1909,0,0,70.6065,19.655,495.7612,784.5896,44.6889,30.7246,170.9386,0,0,0,17.1398,151.959,0,0,0,16.7291,0,0,46.7145,80.3109,0,0,13.3526,12.3091,0,6.2478,8.8592,0
55,berry,0,23.4923,9.4207,29.723,51.7132,0,28.5431,0,0,526.9734,1944.9794,101.4273,1.5371,0,260.3822,0,8.8531,6.7316,4.7436,19.8331,9.6844,84.0562,0,7.6735,66.339,0,163.4286,0,108.656,180.1448,0,240.9742,0,249.0635,0,312.9705,22.161,304.9308,0,418.8787,0,0,0,65.351,22.7605,412.9873,649.4003,59.5878,33.1857,128.1146,0,0,0,26.7786,116.8005,0,0,0,50.2804,0,0,70.3064,92.6181,0,0,21.8049,32.5778,0,14.2012,11.1824,0
56,berry,0,21.7771,15.994,9.959,41.9252,0,44.6305,0,0,171.9554,2160.5433,6.2186,1.2701,0,196.7937,0,0,5.5095,2.5506,13.9349,19.0738,31.2945,0,19.4379,73.6936,0,208.2242,0,135.249,166.508,0,188.7835,0,236.6899,0,238.3438,18.7346,286.904,0,367.2317,40.6819,0,0,47.2304,12.5796,463.0289,576.096,8.5831,16.8282,119.5642,0,0,0,74.3894,109.6624,0,0,0,114.0255,0,0,173.0307,196.8987,0,0,23.1116,57.3756,0,24.5996,27.4219,0.8093
57,berry,0,21.2333,12.0223,10.7998,39.6106,0,36.5264,0,0,140.4812,2334.7831,9.6834,1.6289,0,304.0557,0,0.8592,2.3299,2.6243,10.7744,16.0792,36.1571,0,29.08,76.1875,0,179.5012,0,139.9526,108.5417,0,271.5748,0,146.9494,0,322.2304,23.1675,185.4071,0,463.2808,0,0,0,60.9755,16.8736,319.2782,782.8687,25.5564,32.2959,127.0323,0,0,0,68.0612,127.0323,0,0,2.4631,87.5867,0,0,129.7797,154.1585,0,0,0,24.5809,0,10.9743,17.3943,0.8784
58,berry,0,18.7112,1.8472,44.2078,57.0677,0,13.1064,0,0,1020.1299,1346.9006,128.6479,9.5621,0,94.9759,0,6.5775,5.0014,9.9938,22.0555,3.0572,109.4752,0,18.3646,66.3409,0,155.0272,0,147.4437,162.4002,0,226.7708,0,173.887,0,203.3332,20.7667,237.853,0,307.044,41.0785,0,0,45.8909,14.8624,488.7436,663.0819,26.0283,16.4973,149.469,0,0,0,92.1726,134.3751,0,0,0,94.7606,0,0,178.3786,234.3984,0,0,21.4887,18.6795,0,8.6167,13.7203,0
59,berry,0,16.4905,10.7135,15.9054,37.5509,0,39.3239,0,0,246.4856,2261.5948,36.238,14.0961,0,138.1523,0,2.1797,4.9469,2.6636,17.8464,14.1185,43.2585,0,11.2885,82.5465,0,184.4988,0,161.5009,194.4519,0,239.1257,0,221.2546,0,247.7207,19.9422,284.9365,0,347.7198,48.4117,0,0,56.4115,18.6209,496.0445,668.4859,47.303,23.4737,140.1232,0,0,0,33.7936,127.7655,0,0,0,61.8232,0,0,99.9729,138.6621,0,0,17.4764,14.1632,0,5.5381,8.2353,0
60,berry,0,13.9161,1.2058,46.3983,44.9595,0,15.9844,0,0,703.7758,1536.3133,145.0297,0.0997,8.6518,221.1681,0,13.7844,4.7438,6.51,18.5635,3.4579,95.0301,0,58.0281,57.1157,0,86.06,0,133.2481,177.2205,0,269.2698,0,195.1885,0,276.0386,23.3906,269.0923,0,405.1388,52.7018,0,0,41.3823,21.4479,443.3631,705.5944,50.7832,30.8033,132.3597,0,0,0,25.6228,132.3597,0,0,0,51.5511,0,0,101.2661,137.2673,0,0,11.2844,6.4725,0,3.4253,4.4378,0
